{
"lengthUnit": "mil",
"components": {
	"fields": ["COMPONENT_NO", "COMPONENT_NAME", "LAYER", "X_COORDINATE", "Y_COORDINATE", "ANGLE"],
	"rows": [
		[1, "C1", "T", 253.63, 918.51, 90],
		[2, "C2", "T", 538.63, 938.51, 180],
		[3, "C3", "T", 538.63, 853.51, 180],
		[4, "C4", "T", 263.63, 648.51, 90],
		[5, "C5", "T", 325, 645, 90],
		[6, "C6", "T", 995, 625, 0],
		[7, "C7", "T", 308.63, 918.51, 90],
		[8, "C8", "B", 343.63, 1063.51, 180],
		[9, "C9", "T", 1090, 355, 180],
		[10, "C10", "T", 990, 380, 270],
		[11, "C11", "T", 753.65, 469.82, 270],
		[12, "C12", "T", 577.19, 681.28, 90],
		[13, "C13", "B", 577.19, 681.28, 90],
		[14, "C14", "T", 1350, 215, 90],
		[15, "C15", "T", 1285, 215, 90],
		[16, "C16", "T", 638.65, 472.74, 270],
		[17, "C17", "T", 1000, 805, 180],
		[18, "C18", "T", 1502.17, 506.59, 90],
		[19, "C19", "T", 1567.17, 716.59, 270],
		[20, "C20", "T", 1887.17, 826.59, 0],
		[21, "D1", "B", 338.63, 683.51, 180],
		[22, "D2", "B", 1055, 820, 180],
		[23, "D3", "T", 1275, 400, 0],
		[24, "D4", "T", 1510, 220, 180],
		[25, "D5", "T", 1440, 85, 180],
		[26, "D6", "B", 1860, 935, 270],
		[27, "D7", "T", 1324.67, 539.09, 180],
		[28, "D8", "T", 1324.67, 654.09, 0],
		[29, "D9", "T", 1275, 805, 90],
		[30, "F1", "B", 650, 865, 180],
		[31, "L1", "B", 313.63, 868.51, 90],
		[32, "L2", "B", 1100, 250, 180],
		[33, "L3", "B", 707.19, 536.28, 90],
		[34, "Q1", "T", 1387.17, 791.59, 0],
		[35, "Q2", "B", 1672.17, 711.59, 270],
		[36, "R1", "T", 408.63, 913.51, 270],
		[37, "R2", "T", 433.63, 658.51, 270],
		[38, "R3", "T", 373.63, 663.51, 270],
		[39, "R4", "T", 358.63, 913.51, 90],
		[40, "R5", "T", 423.63, 803.51, 90],
		[41, "R6", "T", 697.19, 476.28, 90],
		[42, "R7", "T", 687.19, 731.28, 90],
		[43, "R8", "T", 950, 265, 0],
		[44, "R9", "T", 980, 175, 90],
		[45, "R10", "T", 1220, 230, 90],
		[46, "R11", "T", 590, 465, 270],
		[47, "R12", "T", 742.19, 716.28, 270],
		[48, "R13", "T", 582.19, 556.28, 0],
		[49, "R14", "B", 1607.17, 931.59, 90],
		[50, "R15", "B", 1667.17, 931.59, 90],
		[51, "R16", "B", 1732.17, 931.59, 90],
		[52, "R17", "B", 1547.17, 931.59, 90],
		[53, "R18", "T", 1427.17, 931.59, 90],
		[54, "R19", "B", 1502.17, 721.59, 270],
		[55, "R20", "B", 1567.17, 721.59, 90],
		[56, "R21", "B", 1487.17, 931.59, 90],
		[57, "R22", "T", 1502.17, 721.59, 90],
		[58, "R23", "T", 1632.17, 716.59, 270],
		[59, "R24", "T", 1430, 1055, 90],
		[60, "R25", "B", 1822.17, 721.59, 90],
		[61, "R26", "B", 1762.17, 721.59, 270],
		[62, "SCREW1", "T", 350, -145, 0],
		[63, "SCREW2", "T", 1620, 1320, 0],
		[64, "U1", "T", 323.63, 788.51, 0],
		[65, "U2", "T", 707.19, 601.28, 180],
		[66, "U3", "T", 1105, 250, 180],
		[67, "U4", "T", 1649.5, 939.27, 0],
		[68, "U5", "T", 740, 1030, 0],
		[69, "U6", "T", 1830, 305, 270],
		[70, "U7", "T", 355, 400, 180]
	]
},
"pins": {
	"fields": ["PIN_NO", "PIN_NAME", "PIN_X", "PIN_Y", "LAYER", "PIN_TYPE", "NET_NAME", "NET_TYPE", "PAD_SHAPE", "PAD_SIZEX", "PAD_SIZEY", "HOLE_SIZE", "PAD_ANGLE"],
	"rows": [
		[1, "C1_1", 253.63, 897.05, "T", "SMD", "$1N950", "", "R", 31.11, 21.26, 0, 90],
		[2, "C1_2", 253.63, 939.97, "T", "SMD", "$1N951", "", "R", 31.11, 21.26, 0, 90],
		[3, "C2_1", 578, 938.51, "T", "SMD", "GND", "GND", "R", 55.51, 53.15, 0, 180],
		[4, "C2_2", 499.26, 938.51, "T", "SMD", "5V", "", "R", 55.51, 53.15, 0, 180],
		[5, "C3_1", 578, 853.51, "T", "SMD", "GND", "GND", "R", 55.51, 53.15, 0, 180],
		[6, "C3_2", 499.26, 853.51, "T", "SMD", "5V", "", "R", 55.51, 53.15, 0, 180],
		[7, "C4_1", 263.63, 620.95, "T", "SMD", "GND", "GND", "R", 31.5, 35.43, 0, 90],
		[8, "C4_2", 263.63, 676.07, "T", "SMD", "VCC", "", "R", 31.5, 35.43, 0, 90],
		[9, "C5_1", 325, 623.54, "T", "SMD", "GND", "GND", "R", 31.11, 21.26, 0, 90],
		[10, "C5_2", 325, 666.46, "T", "SMD", "VCC", "", "R", 31.11, 21.26, 0, 90],
		[11, "C6_1", 859.7, 625, "T", "SMD", "$1N943", "", "R", 86.02, 102.05, 0, 180],
		[12, "C6_2", 1130.3, 625, "T", "SMD", "GND", "GND", "R", 86.02, 102.05, 0, 180],
		[13, "C7_1", 308.63, 897.05, "T", "SMD", "$1N955", "", "R", 31.11, 21.26, 0, 90],
		[14, "C7_2", 308.63, 939.97, "T", "SMD", "$1N954", "", "R", 31.11, 21.26, 0, 90],
		[15, "C8_1", 224.63, 1063.51, "B", "SMD", "5V", "", "R", 95.5, 98.42, 0, 0],
		[16, "C8_2", 462.63, 1063.51, "B", "SMD", "GND", "GND", "R", 95.5, 98.42, 0, 0],
		[17, "C9_1", 1111.46, 355, "T", "SMD", "$1N1920", "", "R", 31.11, 21.26, 0, 180],
		[18, "C9_2", 1068.54, 355, "T", "SMD", "$1N2108", "", "R", 31.11, 21.26, 0, 180],
		[19, "C10_1", 990, 407.56, "T", "SMD", "GND", "GND", "R", 31.5, 35.43, 0, 270],
		[20, "C10_2", 990, 352.44, "T", "SMD", "VDD", "", "R", 31.5, 35.43, 0, 270],
		[21, "C11_1", 753.65, 491.28, "T", "SMD", "$1N1503", "", "R", 31.11, 21.26, 0, 270],
		[22, "C11_2", 753.65, 448.36, "T", "SMD", "$1N1504", "", "R", 31.11, 21.26, 0, 270],
		[23, "C12_1", 577.19, 641.91, "T", "SMD", "GND", "GND", "R", 55.51, 53.15, 0, 90],
		[24, "C12_2", 577.19, 720.65, "T", "SMD", "12V", "", "R", 55.51, 53.15, 0, 90],
		[25, "C13_1", 577.19, 641.91, "B", "SMD", "GND", "GND", "R", 55.51, 53.15, 0, 90],
		[26, "C13_2", 577.19, 720.65, "B", "SMD", "12V", "", "R", 55.51, 53.15, 0, 90],
		[27, "C14_1", 1350, 187.44, "T", "SMD", "GND", "GND", "R", 31.5, 35.43, 0, 90],
		[28, "C14_2", 1350, 242.56, "T", "SMD", "12V", "", "R", 31.5, 35.43, 0, 90],
		[29, "C15_1", 1285, 187.44, "T", "SMD", "GND", "GND", "R", 31.5, 35.43, 0, 90],
		[30, "C15_2", 1285, 242.56, "T", "SMD", "12V", "", "R", 31.5, 35.43, 0, 90],
		[31, "C16_1", 638.65, 494.2, "T", "SMD", "$1N1508", "", "R", 31.11, 21.26, 0, 270],
		[32, "C16_2", 638.65, 451.28, "T", "SMD", "$1N1507", "", "R", 31.11, 21.26, 0, 270],
		[33, "C17_1", 881, 805, "T", "SMD", "12V", "", "R", 95.5, 98.42, 0, 0],
		[34, "C17_2", 1119, 805, "T", "SMD", "GND", "GND", "R", 95.5, 98.42, 0, 0],
		[35, "C18_1", 1502.17, 479.03, "T", "SMD", "GND", "GND", "R", 31.5, 35.43, 0, 90],
		[36, "C18_2", 1502.17, 534.15, "T", "SMD", "$2N979", "", "R", 31.5, 35.43, 0, 90],
		[37, "C19_1", 1567.17, 744.15, "T", "SMD", "U4.2", "", "R", 31.5, 35.43, 0, 270],
		[38, "C19_2", 1567.17, 689.03, "T", "SMD", "U4.1", "", "R", 31.5, 35.43, 0, 270],
		[39, "C20_1", 1859.61, 826.59, "T", "SMD", "U4.7", "", "R", 31.5, 35.43, 0, 0],
		[40, "C20_2", 1914.73, 826.59, "T", "SMD", "U4.6", "", "R", 31.5, 35.43, 0, 0],
		[41, "D1_1", 439.63, 683.51, "B", "SMD", "VCC", "", "R", 86.61, 66.93, 0, 180],
		[42, "D1_2", 237.63, 683.51, "B", "SMD", "$1N943", "", "R", 86.61, 66.93, 0, 180],
		[43, "D2_1", 1190.23, 820, "B", "SMD", "GND", "GND", "R", 119.29, 150.39, 0, 180],
		[44, "D2_2", 919.76, 820, "B", "SMD", "$1N943", "", "R", 119.29, 150.39, 0, 180],
		[45, "D3_1", 1188.39, 400, "T", "SMD", "$1N1920", "", "R", 78.74, 78.74, 0, 180],
		[46, "D3_2", 1361.61, 400, "T", "SMD", "GND", "GND", "R", 78.74, 78.74, 0, 180],
		[47, "D4_1", 1596.61, 220, "T", "SMD", "DC24V", "", "R", 78.74, 78.74, 0, 0],
		[48, "D4_2", 1423.39, 220, "T", "SMD", "$2N2230", "", "R", 78.74, 78.74, 0, 0],
		[49, "D5_1", 1535, 85, "T", "SMD", "GND", "GND", "R", 80.61, 88.23, 0, 180],
		[50, "D5_2", 1345, 85, "T", "SMD", "DC24V", "", "R", 80.61, 88.23, 0, 180],
		[51, "D6_1", 1860, 1030, "B", "SMD", "U4.9", "", "R", 80.61, 88.23, 0, 270],
		[52, "D6_2", 1860, 840, "B", "SMD", "GND", "GND", "R", 80.61, 88.23, 0, 270],
		[53, "D7_1", 1415.38, 539.46, "T", "SMD", "VDD", "", "R", 80.57, 63.78, 0, 180],
		[54, "D7_2", 1233.97, 538.72, "T", "SMD", "$2N1088", "", "R", 80.57, 63.78, 0, 0],
		[55, "D8_1", 1233.97, 653.72, "T", "SMD", "$2N1088", "", "R", 80.57, 63.78, 0, 0],
		[56, "D8_2", 1415.38, 654.46, "T", "SMD", "$2N979", "", "R", 80.57, 63.78, 0, 180],
		[57, "D9_1", 1275, 741.61, "T", "SMD", "$2N1508", "", "R", 34.65, 37.8, 0, 270],
		[58, "D9_2", 1275, 868.39, "T", "SMD", "$2N2130", "", "R", 34.65, 37.8, 0, 270],
		[59, "F1_1", 722.97, 865, "B", "SMD", "DC24V", "", "R", 55.38, 137.76, 0, 180],
		[60, "F1_2", 577.03, 865, "B", "SMD", "$1N943", "", "R", 55.38, 137.76, 0, 180],
		[61, "L1_1", 313.63, 948.35, "B", "SMD", "$1N951", "", "R", 55.12, 83.47, 0, 90],
		[62, "L1_2", 313.63, 788.67, "B", "SMD", "5V", "", "R", 55.12, 83.47, 0, 90],
		[63, "L2_1", 1218.11, 250, "B", "SMD", "$1N1920", "", "R", 94.49, 125.98, 0, 180],
		[64, "L2_2", 981.89, 250, "B", "SMD", "VDD", "", "R", 94.49, 125.98, 0, 180],
		[65, "L3_1", 707.19, 473.29, "B", "SMD", "$1N1504", "", "R", 62.99, 137.79, 0, 90],
		[66, "L3_2", 707.19, 599.27, "B", "SMD", "12V", "", "R", 62.99, 137.79, 0, 90],
		[67, "Q1_1", 1435.8, 754.19, "T", "SMD", "$2N1462", "", "R", 42.13, 23.62, 0, 0],
		[68, "Q1_2", 1435.8, 828.99, "T", "SMD", "$2N1466", "", "R", 42.13, 23.62, 0, 0],
		[69, "Q1_3", 1338.55, 791.59, "T", "SMD", "$2N1508", "", "R", 42.13, 23.62, 0, 0],
		[70, "Q2_1", 1709.57, 672.22, "B", "SMD", "$2N857", "", "R", 49.21, 27.56, 0, 270],
		[71, "Q2_2", 1634.77, 672.22, "B", "SMD", "$2N1306", "", "R", 49.21, 27.56, 0, 270],
		[72, "Q2_3", 1672.17, 750.96, "B", "SMD", "U4.3", "", "R", 49.21, 27.56, 0, 270],
		[73, "R1_1", 408.63, 930.55, "T", "SMD", "$1N954", "", "R", 22.27, 21.26, 0, 270],
		[74, "R1_2", 408.63, 896.47, "T", "SMD", "5V", "", "R", 22.27, 21.26, 0, 270],
		[75, "R2_1", 433.63, 688.17, "T", "SMD", "$1N949", "", "R", 31.75, 34.02, 0, 270],
		[76, "R2_2", 433.63, 628.85, "T", "SMD", "VCC", "", "R", 31.75, 34.02, 0, 270],
		[77, "R3_1", 373.63, 680.55, "T", "SMD", "GND", "GND", "R", 22.27, 21.26, 0, 270],
		[78, "R3_2", 373.63, 646.47, "T", "SMD", "$1N949", "", "R", 22.27, 21.26, 0, 270],
		[79, "R4_1", 358.63, 896.47, "T", "SMD", "$1N955", "", "R", 22.27, 21.26, 0, 90],
		[80, "R4_2", 358.63, 930.55, "T", "SMD", "$1N954", "", "R", 22.27, 21.26, 0, 90],
		[81, "R5_1", 423.63, 773.85, "T", "SMD", "GND", "GND", "R", 31.75, 34.02, 0, 90],
		[82, "R5_2", 423.63, 833.17, "T", "SMD", "$1N955", "", "R", 31.75, 34.02, 0, 90],
		[83, "R6_1", 697.19, 459.24, "T", "SMD", "$1N1507", "", "R", 22.27, 21.26, 0, 90],
		[84, "R6_2", 697.19, 493.32, "T", "SMD", "12V", "", "R", 22.27, 21.26, 0, 90],
		[85, "R7_1", 687.19, 701.62, "T", "SMD", "$1N1502", "", "R", 31.75, 34.02, 0, 90],
		[86, "R7_2", 687.19, 760.94, "T", "SMD", "VCC", "", "R", 31.75, 34.02, 0, 90],
		[87, "R8_1", 920.34, 265, "T", "SMD", "VDD", "", "R", 31.75, 34.02, 0, 0],
		[88, "R8_2", 979.66, 265, "T", "SMD", "$1N2261", "", "R", 31.75, 34.02, 0, 0],
		[89, "R9_1", 980, 145.34, "T", "SMD", "GND", "GND", "R", 31.75, 34.02, 0, 90],
		[90, "R9_2", 980, 204.66, "T", "SMD", "$1N2261", "", "R", 31.75, 34.02, 0, 90],
		[91, "R10_1", 1220, 212.96, "T", "SMD", "$1N2087", "", "R", 22.27, 21.26, 0, 90],
		[92, "R10_2", 1220, 247.04, "T", "SMD", "12V", "", "R", 22.27, 21.26, 0, 90],
		[93, "R11_1", 590, 482.04, "T", "SMD", "$1N1508", "", "R", 22.27, 21.26, 0, 270],
		[94, "R11_2", 590, 447.96, "T", "SMD", "$1N1507", "", "R", 22.27, 21.26, 0, 270],
		[95, "R12_1", 742.19, 733.32, "T", "SMD", "GND", "GND", "R", 22.27, 21.26, 0, 270],
		[96, "R12_2", 742.19, 699.24, "T", "SMD", "$1N1502", "", "R", 22.27, 21.26, 0, 270],
		[97, "R13_1", 552.53, 556.28, "T", "SMD", "GND", "GND", "R", 31.75, 34.02, 0, 0],
		[98, "R13_2", 611.85, 556.28, "T", "SMD", "$1N1508", "", "R", 31.75, 34.02, 0, 0],
		[99, "R14_1", 1607.17, 901.93, "B", "SMD", "GND", "GND", "R", 31.75, 34.02, 0, 90],
		[100, "R14_2", 1607.17, 961.25, "B", "SMD", "U4.13", "", "R", 31.75, 34.02, 0, 90],
		[101, "R15_1", 1667.17, 901.93, "B", "SMD", "U4.10", "", "R", 31.75, 34.02, 0, 90],
		[102, "R15_2", 1667.17, 961.25, "B", "SMD", "U4.13", "", "R", 31.75, 34.02, 0, 90],
		[103, "R16_1", 1732.17, 901.93, "B", "SMD", "U4.9", "", "R", 31.75, 34.02, 0, 90],
		[104, "R16_2", 1732.17, 961.25, "B", "SMD", "$2N2492", "", "R", 31.75, 34.02, 0, 90],
		[105, "R17_1", 1547.17, 901.93, "B", "SMD", "GND", "GND", "R", 31.75, 34.02, 0, 90],
		[106, "R17_2", 1547.17, 961.25, "B", "SMD", "U4.12", "", "R", 31.75, 34.02, 0, 90],
		[107, "R18_1", 1427.17, 901.93, "T", "SMD", "$2N979", "", "R", 31.75, 34.02, 0, 90],
		[108, "R18_2", 1427.17, 961.25, "T", "SMD", "$2N1466", "", "R", 31.75, 34.02, 0, 90],
		[109, "R19_1", 1502.17, 751.25, "B", "SMD", "$2N979", "", "R", 31.75, 34.02, 0, 270],
		[110, "R19_2", 1502.17, 691.93, "B", "SMD", "$2N983", "", "R", 31.75, 34.02, 0, 270],
		[111, "R20_1", 1567.17, 691.93, "B", "SMD", "$2N983", "", "R", 31.75, 34.02, 0, 90],
		[112, "R20_2", 1567.17, 751.25, "B", "SMD", "U4.2", "", "R", 31.75, 34.02, 0, 90],
		[113, "R21_1", 1487.17, 901.93, "B", "SMD", "U4.3", "", "R", 31.75, 34.02, 0, 90],
		[114, "R21_2", 1487.17, 961.25, "B", "SMD", "$2N979", "", "R", 31.75, 34.02, 0, 90],
		[115, "R22_1", 1502.17, 691.93, "T", "SMD", "U4.1", "", "R", 31.75, 34.02, 0, 90],
		[116, "R22_2", 1502.17, 751.25, "T", "SMD", "$2N1462", "", "R", 31.75, 34.02, 0, 90],
		[117, "R23_1", 1632.17, 746.25, "T", "SMD", "U4.7", "", "R", 31.75, 34.02, 0, 270],
		[118, "R23_2", 1632.17, 686.93, "T", "SMD", "$2N857", "", "R", 31.75, 34.02, 0, 270],
		[119, "R24_1", 1430, 1025.34, "T", "SMD", "$2N2130", "", "R", 31.75, 34.02, 0, 90],
		[120, "R24_2", 1430, 1084.66, "T", "SMD", "$2N2492", "", "R", 31.75, 34.02, 0, 90],
		[121, "R25_1", 1822.17, 691.93, "B", "SMD", "$2N1306", "", "R", 31.75, 34.02, 0, 90],
		[122, "R25_2", 1822.17, 751.25, "B", "SMD", "U4.6", "", "R", 31.75, 34.02, 0, 90],
		[123, "R26_1", 1762.17, 751.25, "B", "SMD", "GND", "GND", "R", 31.75, 34.02, 0, 270],
		[124, "R26_2", 1762.17, 691.93, "B", "SMD", "$2N1306", "", "R", 31.75, 34.02, 0, 270],
		[125, "SCREW1_1", 350, -145, "T", "DIP", "GND", "GND", "C", 177.17, 177.17, 157.48, 0],
		[126, "SCREW1_1", 350, -145, "B", "DIP", "GND", "GND", "C", 177.17, 177.17, 157.48, 0],
		[127, "SCREW2_1", 1620, 1320, "T", "DIP", "GND", "GND", "C", 177.17, 177.17, 157.48, 0],
		[128, "SCREW2_1", 1620, 1320, "B", "DIP", "GND", "GND", "C", 177.17, 177.17, 157.48, 0],
		[129, "U1_1", 286.23, 743.27, "T", "SMD", "GND", "GND", "R", 20.95, 42.2, 0, 0],
		[130, "U1_2", 323.63, 743.27, "T", "SMD", "$1N951", "", "R", 20.95, 42.2, 0, 0],
		[131, "U1_3", 361.03, 743.27, "T", "SMD", "VCC", "", "R", 20.95, 42.2, 0, 0],
		[132, "U1_4", 361.03, 833.75, "T", "SMD", "$1N955", "", "R", 20.95, 42.2, 0, 0],
		[133, "U1_5", 323.63, 833.75, "T", "SMD", "$1N949", "", "R", 20.95, 42.2, 0, 0],
		[134, "U1_6", 286.23, 833.75, "T", "SMD", "$1N950", "", "R", 20.95, 42.2, 0, 0],
		[135, "U2_1", 744.59, 646.52, "T", "SMD", "GND", "GND", "R", 20.95, 42.2, 0, 180],
		[136, "U2_2", 707.19, 646.52, "T", "SMD", "$1N1504", "", "R", 20.95, 42.2, 0, 180],
		[137, "U2_3", 669.79, 646.52, "T", "SMD", "VCC", "", "R", 20.95, 42.2, 0, 180],
		[138, "U2_4", 669.79, 556.04, "T", "SMD", "$1N1508", "", "R", 20.95, 42.2, 0, 180],
		[139, "U2_5", 707.19, 556.04, "T", "SMD", "$1N1502", "", "R", 20.95, 42.2, 0, 180],
		[140, "U2_6", 744.59, 556.04, "T", "SMD", "$1N1503", "", "R", 20.95, 42.2, 0, 180],
		[141, "U3_1", 1051.85, 287.4, "T", "SMD", "$1N2108", "", "R", 43.31, 23.62, 0, 180],
		[142, "U3_2", 1051.85, 250, "T", "SMD", "GND", "GND", "R", 43.31, 23.62, 0, 180],
		[143, "U3_3", 1051.85, 212.6, "T", "SMD", "$1N2261", "", "R", 43.31, 23.62, 0, 180],
		[144, "U3_4", 1158.15, 212.6, "T", "SMD", "$1N2087", "", "R", 43.31, 23.62, 0, 180],
		[145, "U3_5", 1158.15, 250, "T", "SMD", "12V", "", "R", 43.31, 23.62, 0, 180],
		[146, "U3_6", 1158.15, 287.4, "T", "SMD", "$1N1920", "", "R", 43.31, 23.62, 0, 180],
		[147, "U4_1", 1499.5, 830.24, "T", "SMD", "U4.1", "", "O", 22.6, 80.24, 0, 0],
		[148, "U4_2", 1549.5, 830.24, "T", "SMD", "U4.2", "", "O", 22.6, 80.24, 0, 0],
		[149, "U4_3", 1599.5, 830.24, "T", "SMD", "U4.3", "", "O", 22.6, 80.24, 0, 0],
		[150, "U4_4", 1649.5, 830.24, "T", "SMD", "VDD", "", "O", 22.6, 80.24, 0, 0],
		[151, "U4_5", 1699.5, 830.24, "T", "SMD", "U4.12", "", "O", 22.6, 80.24, 0, 0],
		[152, "U4_6", 1749.5, 830.24, "T", "SMD", "U4.6", "", "O", 22.6, 80.24, 0, 0],
		[153, "U4_7", 1799.5, 830.24, "T", "SMD", "U4.7", "", "O", 22.6, 80.24, 0, 0],
		[154, "U4_8", 1799.5, 1048.28, "T", "SMD", "U4.9", "", "O", 22.6, 80.24, 0, 0],
		[155, "U4_9", 1749.5, 1048.28, "T", "SMD", "U4.9", "", "O", 22.6, 80.24, 0, 0],
		[156, "U4_10", 1699.5, 1048.28, "T", "SMD", "U4.10", "", "O", 22.6, 80.24, 0, 0],
		[157, "U4_11", 1649.5, 1048.28, "T", "SMD", "GND", "GND", "O", 22.6, 80.24, 0, 0],
		[158, "U4_12", 1599.5, 1048.28, "T", "SMD", "U4.12", "", "O", 22.6, 80.24, 0, 0],
		[159, "U4_13", 1549.5, 1048.28, "T", "SMD", "U4.13", "", "O", 22.6, 80.24, 0, 0],
		[160, "U4_14", 1499.5, 1048.28, "T", "SMD", "U4.10", "", "O", 22.6, 80.24, 0, 0],
		[161, "U5_1", 740, 1030, "T", "DIP", "$2N2230", "", "R", 78.74, 78.74, 59.06, 0],
		[162, "U5_1", 740, 1030, "B", "DIP", "$2N2230", "", "R", 78.74, 78.74, 59.06, 0],
		[163, "U5_2", 840, 1030, "T", "DIP", "GND", "GND", "C", 78.74, 78.74, 59.06, 0],
		[164, "U5_2", 840, 1030, "B", "DIP", "GND", "GND", "C", 78.74, 78.74, 59.06, 0],
		[165, "U5_3", 940, 1030, "T", "DIP", "TXD", "", "C", 78.74, 78.74, 59.06, 0],
		[166, "U5_3", 940, 1030, "B", "DIP", "TXD", "", "C", 78.74, 78.74, 59.06, 0],
		[167, "U5_4", 1040, 1030, "T", "DIP", "RXD", "", "C", 78.74, 78.74, 59.06, 0],
		[168, "U5_4", 1040, 1030, "B", "DIP", "RXD", "", "C", 78.74, 78.74, 59.06, 0],
		[169, "U5_5", 1140, 1030, "T", "DIP", "GND", "GND", "C", 78.74, 78.74, 59.06, 0],
		[170, "U5_5", 1140, 1030, "B", "DIP", "GND", "GND", "C", 78.74, 78.74, 59.06, 0],
		[171, "U5_6", 1240, 1030, "T", "DIP", "$2N2492", "", "C", 78.74, 78.74, 59.06, 0],
		[172, "U5_6", 1240, 1030, "B", "DIP", "$2N2492", "", "C", 78.74, 78.74, 59.06, 0],
		[173, "U6_1", 1830, 501.85, "T", "DIP", "TXD", "", "R", 60, 62.99, 43.31, 270],
		[174, "U6_1", 1830, 501.85, "B", "DIP", "TXD", "", "R", 60, 62.99, 43.31, 270],
		[175, "U6_2", 1830, 403.43, "T", "DIP", "RXD", "", "C", 62.99, 62.99, 43.31, 270],
		[176, "U6_2", 1830, 403.43, "B", "DIP", "RXD", "", "C", 62.99, 62.99, 43.31, 270],
		[177, "U6_3", 1830, 305, "T", "DIP", "GND", "GND", "C", 62.99, 62.99, 43.31, 270],
		[178, "U6_3", 1830, 305, "B", "DIP", "GND", "GND", "C", 62.99, 62.99, 43.31, 270],
		[179, "U6_4", 1830, 206.57, "T", "DIP", "5V", "", "C", 62.99, 62.99, 43.31, 270],
		[180, "U6_4", 1830, 206.57, "B", "DIP", "5V", "", "C", 62.99, 62.99, 43.31, 270],
		[181, "U6_5", 1830, 108.15, "T", "DIP", "U4.12", "", "C", 62.99, 62.99, 43.31, 270],
		[182, "U6_5", 1830, 108.15, "B", "DIP", "U4.12", "", "C", 62.99, 62.99, 43.31, 270],
		[183, "U7_1", 405, 400, "T", "DIP", "5V", "", "R", 66.93, 66.93, 35.43, 180],
		[184, "U7_1", 405, 400, "B", "DIP", "5V", "", "R", 66.93, 66.93, 35.43, 180],
		[185, "U7_2", 305, 400, "T", "DIP", "GND", "GND", "C", 66.93, 66.93, 35.43, 180],
		[186, "U7_2", 305, 400, "B", "DIP", "GND", "GND", "C", 66.93, 66.93, 35.43, 180]
	]
}
}